mysql> use db1;
Database changed
mysql> select * from tb1;
+------+--------+------+
| bang | nama   | tosi |
+------+--------+------+
| A101 | 佐藤   |   40 |
| A102 | 高橋   |   28 |
| A103 | 中川   |   20 |
+------+--------+------+
3 rows in set (0.00 sec)

mysql> use tb1;
ERROR 1044 (42000): Access denied for user 'yukari'@'localhost' to database 'tb1'
mysql> select * from tb;
+-----------+------+------+--------------+
| bang      | uria | tuki | bikou        |
+-----------+------+------+--------------+
| A103      |  101 |    4 | 優秀         |
| A102      |   54 |    5 | ガンバレ     |
| A104      |  181 |    4 | 優秀         |
| A101      |  184 |    4 | 優秀         |
| A103      |   17 |    5 | ガンバレ     |
| A101      |  300 |    5 | 優秀         |
| A102      |  205 |    6 | 優秀         |
| A104      |   93 |    5 | 普通         |
| A103      |   12 |    6 | ガンバレ     |
| A107      |   87 |    6 | 普通         |
| 意地悪    |   50 | NULL | NULL         |
+-----------+------+------+--------------+
11 rows in set (0.00 sec)

mysql> notee
